{
    "categories": [
        { "name": "Action Map", "params": ["action_object_map", "action_type_map", "action_ref_map"]},
        { "name": "AliExpress.com", "params": ["spm@*.aliexpress.com", "scm@*.aliexpress.com", "aff_platform", "aff_trace_key", "algo_expid@*.aliexpress.*", "algo_pvid@*.aliexpress.*", "btsid", "ws_ab_test"]},
        { "name": "Amazon", "params": ["pd_rd_*@amazon.*", "_encoding@amazon.*", "psc@amazon.*", "tag@amazon.*", "ref_@amazon.*", "pf_rd_*@amazon.*", "pf@amazon.*"]},
        { "name": "Bilibili.com", "params": ["callback@bilibili.com"]},
        { "name": "Bing", "params": ["cvid@bing.com", "form@bing.com", "sk@bing.com", "sp@bing.com", "sc@bing.com", "qs@bing.com", "pq@bing.com"]},
        { "name": "Campaign tracking (Adobe Marketo)", "params": ["mkt_tok"]},
        { "name": "Campaign tracking (Amazon Kendra)", "params": ["trk", "trkCampaign"]},
        { "name": "Campaign tracking (Google Analytics, ga)", "params": ["ga_*", "gclid", "gclsrc"]},
        { "name": "Campaign tracking (Humble Bundle)", "params": ["hmb_campaign", "hmb_medium", "hmb_source"]},
        { "name": "Campaign tracking (IBM Acoustic Campaign)", "params": ["spReportId", "spJobID", "spUserID", "spMailingID"]},
        { "name": "Campaign tracking (itm)", "params": ["itm_*"], "docs": "https://www.parse.ly/help/post/4843/campaign-data-tracking/"},
        { "name": "Campaign tracking (Omniture)", "params": ["s_cid"], "docs": "https://moz.com/community/q/omniture-tracking-code-urls-creating-duplicate-content"},
        { "name": "Campaign tracking (Oracle Eloqua)", "params": ["elqTrackId", "elqTrack", "assetType", "assetId", "recipientId", "campaignId", "siteId"]},
        { "name": "Campaign tracking (MailChimp)", "params": ["mc_cid", "mc_eid"], "docs": "https://www.learndigitaladvertising.com/solved-why-how-to-remove-mc_cid-and-mc_eid-from-google-analytics/"},
        { "name": "Campaign tracking (Matomo, pk)", "params": ["pk_*"]},
        { "name": "Campaign tracking (sc)", "params": ["sc_campaign", "sc_channel", "sc_content", "sc_medium", "sc_outcome", "sc_geo", "sc_country"]},
        { "name": "Campaign tracking (utm)", "params": ["utm_*", "nr_email_referer"]},
        { "name": "Campaign tracking (Vero)", "params": ["vero_conv", "vero_id"], "docs": "https://help.getvero.com/articles/conversion-tracking.html"},
        { "name": "Campaign tracking (Yandex)", "params": ["yclid", "_openstat"], "docs": "https://yandex.com/support/direct/statistics/url-tags.html"},
        { "name": "Campaign tracking (others)", "params": ["mbid", "cmpid", "cid", "c_id", "campaign_id", "Campaign"], "docs": "https://www.parse.ly/help/post/4843/campaign-data-tracking/"},
        { "name": "Ebay", "params": ["hash@ebay.*"]},
        { "name": "Facebook", "params": ["fb_action_ids", "fb_action_types", "fb_ref", "fb_source", "fbclid", "refsrc@facebook.com", "hrc@facebook.com"]},
        { "name": "Google", "params": ["gs_l", "gs_lcp@google.*", "ved@google.*", "ei@google.*", "sei@google.*", "gws_rd@google.*", "gs_gbg@google.*", "gs_mss@google.*", "gs_rn@google.*"]},
        { "name": "Hubspot", "params": ["_hsenc", "_hsmi", "__hssc", "__hstc", "hsCtaTracking"]},
        { "name": "SourceForge.net", "params": ["source@sourceforge.net", "position@sourceforge.net"]},
        { "name": "Twitch.tv", "params": ["tt_medium", "tt_content"]},
        { "name": "Yandex", "params": ["lr@yandex.*", "redircnt@yandex.*"]},
        { "name": "YouTube.com", "params": ["feature@youtube.com", "kw@youtube.com"]},
        { "name": "Zeit.de", "params": ["wt_zmc"]}
    ]
}

